iso_code,date,total_cases,new_cases,total_deaths,new_deaths,hosp_patients,total_vaccinations,people_vaccinated,people_fully_vaccinated,new_vaccinations,population
BRA,2020-02-26,1,1,,,,,,,,214326223
BRA,2020-02-27,1,0,,,,,,,,214326223
BRA,2020-02-28,1,0,,,,,,,,214326223
BRA,2020-02-29,2,1,,,,,,,,214326223
BRA,2020-03-01,2,0,,,,,,,,214326223
BRA,2020-03-02,2,0,,,,,,,,214326223
BRA,2020-03-03,2,0,,,,,,,,214326223
BRA,2020-03-04,4,2,,,,,,,,214326223
BRA,2020-03-05,4,0,,,,,,,,214326223
BRA,2020-03-06,13,9,,,,,,,,214326223
BRA,2020-03-07,13,0,,,,,,,,214326223
BRA,2020-03-08,20,7,,,,,,,,214326223
BRA,2020-03-09,25,5,,,,,,,,214326223
BRA,2020-03-10,31,6,,,,,,,,214326223
BRA,2020-03-11,38,7,,,,,,,,214326223
BRA,2020-03-12,52,14,,,,,,,,214326223
BRA,2020-03-13,151,99,,,,,,,,214326223
BRA,2020-03-14,151,0,,,,,,,,214326223
BRA,2020-03-15,162,11,,,,,,,,214326223
BRA,2020-03-16,200,38,,,,,,,,214326223
BRA,2020-03-17,321,121,1,1,,,,,,214326223
BRA,2020-03-18,372,51,3,2,,,,,,214326223
BRA,2020-03-19,621,249,6,3,,,,,,214326223
BRA,2020-03-20,793,172,11,5,,,,,,214326223
BRA,2020-03-21,1021,228,15,4,,,,,,214326223
BRA,2020-03-22,1546,525,25,10,,,,,,214326223
BRA,2020-03-23,1924,378,34,9,,,,,,214326223
BRA,2020-03-24,2247,323,46,12,,,,,,214326223
BRA,2020-03-25,2554,307,59,13,,,,,,214326223
BRA,2020-03-26,2985,431,77,18,,,,,,214326223
BRA,2020-03-27,3417,432,92,15,,,,,,214326223
BRA,2020-03-28,3904,487,111,19,,,,,,214326223
BRA,2020-03-29,4256,352,136,25,,,,,,214326223
BRA,2020-03-30,4579,323,159,23,,,,,,214326223
BRA,2020-03-31,5717,1138,201,42,,,,,,214326223
BRA,2020-04-01,6836,1119,240,39,,,,,,214326223
BRA,2020-04-02,8044,1208,324,84,,,,,,214326223
BRA,2020-04-03,9056,1012,359,35,,,,,,214326223
BRA,2020-04-04,10360,1304,445,86,,,,,,214326223
BRA,2020-04-05,11130,770,486,41,,,,,,214326223
BRA,2020-04-06,12161,1031,564,78,,,,,,214326223
BRA,2020-04-07,14034,1873,686,122,,,,,,214326223
BRA,2020-04-08,16170,2136,819,133,,,,,,214326223
BRA,2020-04-09,18092,1922,950,131,,,,,,214326223
BRA,2020-04-10,19638,1546,1057,107,,,,,,214326223
BRA,2020-04-11,20727,1089,1124,67,,,,,,214326223
BRA,2020-04-12,22192,1465,1223,99,,,,,,214326223
BRA,2020-04-13,23430,1238,1328,105,,,,,,214326223
BRA,2020-04-14,25262,1832,1532,204,,,,,,214326223
BRA,2020-04-15,28320,3058,1736,204,,,,,,214326223
BRA,2020-04-16,30425,2105,1924,188,,,,,,214326223
BRA,2020-04-17,33682,3257,2141,217,,,,,,214326223
BRA,2020-04-18,36658,2976,2354,213,,,,,,214326223
BRA,2020-04-19,38654,1996,2462,108,,,,,,214326223
BRA,2020-04-20,40743,2089,2587,125,,,,,,214326223
BRA,2020-04-21,43079,2336,2741,154,,,,,,214326223
BRA,2020-04-22,45757,2678,2906,165,,,,,,214326223
BRA,2020-04-23,50036,4279,3331,425,,,,,,214326223
BRA,2020-04-24,54043,4007,3704,373,,,,,,214326223
BRA,2020-04-25,59324,5281,4057,353,,,,,,214326223
BRA,2020-04-26,63100,3776,4286,229,,,,,,214326223
BRA,2020-04-27,67446,4346,4603,317,,,,,,214326223
BRA,2020-04-28,73235,5789,5083,480,,,,,,214326223
BRA,2020-04-29,79685,6450,5513,430,,,,,,214326223
BRA,2020-04-30,87187,7502,6006,493,,,,,,214326223
BRA,2020-05-01,92202,5015,6412,406,,,,,,214326223
BRA,2020-05-02,97100,4898,6761,349,,,,,,214326223
BRA,2020-05-03,101826,4726,7051,290,,,,,,214326223
BRA,2020-05-04,108620,6794,7367,316,,,,,,214326223
BRA,2020-05-05,115455,6835,7938,571,,,,,,214326223
BRA,2020-05-06,126611,11156,8588,650,,,,,,214326223
BRA,2020-05-07,135773,9162,9190,602,,,,,,214326223
BRA,2020-05-08,146894,11121,10017,827,,,,,,214326223
BRA,2020-05-09,156061,9167,10656,639,,,,,,214326223
BRA,2020-05-10,162699,6638,11123,467,,,,,,214326223
BRA,2020-05-11,169594,6895,11653,530,,,,,,214326223
BRA,2020-05-12,178214,8620,12461,808,,,,,,214326223
BRA,2020-05-13,190137,11923,13240,779,,,,,,214326223
BRA,2020-05-14,203165,13028,13999,759,,,,,,214326223
BRA,2020-05-15,220291,17126,14962,963,,,,,,214326223
BRA,2020-05-16,233511,13220,15662,700,,,,,,214326223
BRA,2020-05-17,241080,7569,16118,456,,,,,,214326223
BRA,2020-05-18,255368,14288,16853,735,,,,,,214326223
BRA,2020-05-19,271885,16517,17983,1130,,,,,,214326223
BRA,2020-05-20,294624,22739,19059,1076,,,,,,214326223
BRA,2020-05-21,312761,18137,20128,1069,,,,,,214326223
BRA,2020-05-22,334568,21807,21159,1031,,,,,,214326223
BRA,2020-05-23,351565,16997,22205,1046,,,,,,214326223
BRA,2020-05-24,366033,14468,22863,658,,,,,,214326223
BRA,2020-05-25,378840,12807,23590,727,,,,,,214326223
BRA,2020-05-26,395167,16327,24644,1054,,,,,,214326223
BRA,2020-05-27,415366,20199,25705,1061,,,,,,214326223
BRA,2020-05-28,443703,28337,26895,1190,,,,,,214326223
BRA,2020-05-29,470593,26890,28032,1137,,,,,,214326223
BRA,2020-05-30,502914,32321,28896,864,,,,,,214326223
BRA,2020-05-31,516137,13223,29367,471,,,,,,214326223
BRA,2020-06-01,531286,15149,30108,741,,,,,,214326223
BRA,2020-06-02,562963,31677,31473,1365,,,,,,214326223
BRA,2020-06-03,589048,26085,32667,1194,,,,,,214326223
BRA,2020-06-04,621002,31954,34177,1510,,,,,,214326223
BRA,2020-06-05,653103,32101,35253,1076,,,,,,214326223
BRA,2020-06-06,676893,23790,36054,801,,,,,,214326223
BRA,2020-06-07,694881,17988,36530,476,,,,,,214326223
BRA,2020-06-08,712219,17338,37393,863,,,,,,214326223
BRA,2020-06-09,743917,31698,38586,1193,,,,,,214326223
BRA,2020-06-10,777707,33790,39824,1238,,,,,,214326223
BRA,2020-06-11,806399,28692,41092,1268,,,,,,214326223
BRA,2020-06-12,830681,24282,41935,843,,,,,,214326223
BRA,2020-06-13,851911,21230,42792,857,,,,,,214326223
BRA,2020-06-14,868705,16794,43426,634,,,,,,214326223
BRA,2020-06-15,893322,24617,44190,764,,,,,,214326223
BRA,2020-06-16,930305,36983,45522,1332,,,,,,214326223
BRA,2020-06-17,961230,30925,46707,1185,,,,,,214326223
BRA,2020-06-18,986750,25520,47946,1239,,,,,,214326223
BRA,2020-06-19,1042809,56059,49118,1172,,,,,,214326223
BRA,2020-06-20,1106332,63523,50100,982,,,,,,214326223
BRA,2020-06-21,1086536,,50683,583,,,,,,214326223
BRA,2020-06-22,1114728,28192,51445,762,,,,,,214326223
BRA,2020-06-23,1154255,39527,52851,1406,,,,,,214326223
BRA,2020-06-24,1195288,41033,53955,1104,,,,,,214326223
BRA,2020-06-25,1236752,41464,55135,1180,,,,,,214326223
BRA,2020-06-26,1281636,44884,56128,993,,,,,,214326223
BRA,2020-06-27,1318556,36920,57159,1031,,,,,,214326223
BRA,2020-06-28,1351439,32883,57753,594,,,,,,214326223
BRA,2020-06-29,1372989,21550,58475,722,,,,,,214326223
BRA,2020-06-30,1412669,39680,59792,1317,,,,,,214326223
BRA,2020-07-01,1459494,46825,60878,1086,,,,,,214326223
BRA,2020-07-02,1503895,44401,62137,1259,,,,,,214326223
BRA,2020-07-03,1546935,43040,63350,1213,,,,,,214326223
BRA,2020-07-04,1580502,33567,64410,1060,,,,,,214326223
BRA,2020-07-05,1605695,25193,64968,558,,,,,,214326223
BRA,2020-07-06,1630149,24454,65653,685,,,,,,214326223
BRA,2020-07-07,1676848,46699,66953,1300,,,,,,214326223
BRA,2020-07-08,1722098,45250,68126,1173,,,,,,214326223
BRA,2020-07-09,1765060,42962,69348,1222,,,,,,214326223
BRA,2020-07-10,1809371,44311,70646,1298,,,,,,214326223
BRA,2020-07-11,1844318,34947,71578,932,,,,,,214326223
BRA,2020-07-12,1867976,23658,72195,617,,,,,,214326223
BRA,2020-07-13,1890869,22893,73030,835,,,,,,214326223
BRA,2020-07-14,1933791,42922,74324,1294,,,,,,214326223
BRA,2020-07-15,1973933,40142,75604,1280,,,,,,214326223
BRA,2020-07-16,2017616,43683,76903,1299,,,,,,214326223
BRA,2020-07-17,2052234,34618,78026,1123,,,,,,214326223
BRA,2020-07-18,2077987,25753,78870,844,,,,,,214326223
BRA,2020-07-19,2101399,23412,79578,708,,,,,,214326223
BRA,2020-07-20,2124152,22753,80346,768,,,,,,214326223
BRA,2020-07-21,2171079,46927,81663,1317,,,,,,214326223
BRA,2020-07-22,2237229,66150,82959,1296,,,,,,214326223
BRA,2020-07-23,2294555,57326,84272,1313,,,,,,214326223
BRA,2020-07-24,2351458,56903,85437,1165,,,,,,214326223
BRA,2020-07-25,2398993,47535,86536,1099,,,,,,214326223
BRA,2020-07-26,2421666,22673,87117,581,,,,,,214326223
BRA,2020-07-27,2449677,28011,87802,685,,,,,,214326223
BRA,2020-07-28,2503681,54004,89060,1258,,,,,,214326223
BRA,2020-07-29,2559132,55451,90259,1199,,,,,,214326223
BRA,2020-07-30,2617187,58055,91461,1202,,,,,,214326223
BRA,2020-07-31,2670451,53264,92728,1267,,,,,,214326223
BRA,2020-08-01,2711992,41541,93669,941,,,,,,214326223
BRA,2020-08-02,2736058,24066,94193,524,,,,,,214326223
BRA,2020-08-03,2756164,20106,94795,602,,,,,,214326223
BRA,2020-08-04,2812447,56283,96153,1358,,,,,,214326223
BRA,2020-08-05,2868616,56169,97519,1366,,,,,,214326223
BRA,2020-08-06,2922605,53989,98745,1226,,,,,,214326223
BRA,2020-08-07,2972008,49403,99830,1085,,,,,,214326223
BRA,2020-08-08,3018397,46389,100657,827,,,,,,214326223
BRA,2020-08-09,3041127,22730,101226,569,,,,,,214326223
BRA,2020-08-10,3067633,26506,102015,789,,,,,,214326223
BRA,2020-08-11,3118153,50520,103209,1194,,,,,,214326223
BRA,2020-08-12,3173107,54954,104393,1184,,,,,,214326223
BRA,2020-08-13,3233820,60713,105635,1242,,,,,,214326223
BRA,2020-08-14,3283227,49407,106642,1007,,,,,,214326223
BRA,2020-08-15,3320108,36881,107365,723,,,,,,214326223
BRA,2020-08-16,3343114,23006,107952,587,,,,,,214326223
BRA,2020-08-17,3367511,24397,108748,796,,,,,,214326223
BRA,2020-08-18,3416775,49264,110100,1352,,,,,,214326223
BRA,2020-08-19,3465378,48603,111263,1163,,,,,,214326223
BRA,2020-08-20,3508352,42974,112500,1237,,,,,,214326223
BRA,2020-08-21,3540678,32326,113551,1051,,,,,,214326223
BRA,2020-08-22,3586586,45908,114379,828,,,,,,214326223
BRA,2020-08-23,3608459,21873,114834,455,,,,,,214326223
BRA,2020-08-24,3631972,23513,115557,723,,,,,,214326223
BRA,2020-08-25,3678279,46307,116760,1203,,,,,,214326223
BRA,2020-08-26,3726431,48152,117839,1079,,,,,,214326223
BRA,2020-08-27,3768691,42260,118824,985,,,,,,214326223
BRA,2020-08-28,3812779,44088,119673,849,,,,,,214326223
BRA,2020-08-29,3850070,37291,120570,897,,,,,,214326223
BRA,2020-08-30,3864604,14534,120971,401,,,,,,214326223
BRA,2020-08-31,3914829,50225,121618,647,,,,,,214326223
BRA,2020-09-01,3959158,44329,122768,1150,,,,,,214326223
BRA,2020-09-02,4005611,46453,123972,1204,,,,,,214326223
BRA,2020-09-03,4052420,46809,124839,867,,,,,,214326223
BRA,2020-09-04,4091959,39539,125688,849,,,,,,214326223
BRA,2020-09-05,4125816,33857,126292,604,,,,,,214326223
BRA,2020-09-06,4140488,14672,126750,458,,,,,,214326223
BRA,2020-09-07,4150004,9516,127070,320,,,,,,214326223
BRA,2020-09-08,4168790,18786,127595,525,,,,,,214326223
BRA,2020-09-09,4205877,37087,128752,1157,,,,,,214326223
BRA,2020-09-10,4246638,40761,129726,974,,,,,,214326223
BRA,2020-09-11,4288171,41533,130574,848,,,,,,214326223
BRA,2020-09-12,4318971,30800,131341,767,,,,,,214326223
BRA,2020-09-13,4332991,14020,131746,405,,,,,,214326223
BRA,2020-09-14,4353602,20611,132204,458,,,,,,214326223
BRA,2020-09-15,4388154,34552,133286,1082,,,,,,214326223
BRA,2020-09-16,4425451,37297,134248,962,,,,,,214326223
BRA,2020-09-17,4461856,36405,135117,869,,,,,,214326223
BRA,2020-09-18,4501587,39731,135945,828,,,,,,214326223
BRA,2020-09-19,4531145,29558,136626,681,,,,,,214326223
BRA,2020-09-20,4546587,15442,136977,351,,,,,,214326223
BRA,2020-09-21,4564222,17635,137443,466,,,,,,214326223
BRA,2020-09-22,4599189,34967,138237,794,,,,,,214326223
BRA,2020-09-23,4631915,32726,139169,932,,,,,,214326223
BRA,2020-09-24,4663930,32015,139964,795,,,,,,214326223
BRA,2020-09-25,4696240,32310,140786,822,,,,,,214326223
BRA,2020-09-26,4720958,24718,141508,722,,,,,,214326223
BRA,2020-09-27,4734745,13787,141847,339,,,,,,214326223
BRA,2020-09-28,4751616,16871,142238,391,,,,,,214326223
BRA,2020-09-29,4784464,32848,143096,858,,,,,,214326223
BRA,2020-09-30,4817365,32901,144078,982,,,,,,214326223
BRA,2020-10-01,4853148,35783,144851,773,,,,,,214326223
BRA,2020-10-02,4885966,32818,145505,654,,,,,,214326223
BRA,2020-10-03,4908974,23008,146093,588,,,,,,214326223
BRA,2020-10-04,4917689,8715,146451,358,,,,,,214326223
BRA,2020-10-05,4943742,26053,146844,393,,,,,,214326223
BRA,2020-10-06,4975268,31526,147654,810,,,,,,214326223
BRA,2020-10-07,5006206,30938,148379,725,,,,,,214326223
BRA,2020-10-08,5033036,26830,149114,735,,,,,,214326223
BRA,2020-10-09,5060769,27733,149768,654,,,,,,214326223
BRA,2020-10-10,5084513,23744,150302,534,,,,,,214326223
BRA,2020-10-11,5096704,12191,150580,278,,,,,,214326223
BRA,2020-10-12,5105340,8636,150774,194,,,,,,214326223
BRA,2020-10-13,5118699,13359,151152,378,,,,,,214326223
BRA,2020-10-14,5146543,27844,151884,732,,,,,,214326223
BRA,2020-10-15,5176969,30426,152698,814,,,,,,214326223
BRA,2020-10-16,5205565,28596,153341,643,,,,,,214326223
BRA,2020-10-17,5226341,20776,153756,415,,,,,,214326223
BRA,2020-10-18,5238392,12051,153991,235,,,,,,214326223
BRA,2020-10-19,5254971,16579,154317,326,,,,,,214326223
BRA,2020-10-20,5278737,23766,154965,648,,,,,,214326223
BRA,2020-10-21,5304593,25856,155536,571,,,,,,214326223
BRA,2020-10-22,5329357,24764,156041,505,,,,,,214326223
BRA,2020-10-23,5359358,30001,156604,563,,,,,,214326223
BRA,2020-10-24,5384342,24984,156991,387,,,,,,214326223
BRA,2020-10-25,5396596,12254,157224,233,,,,,,214326223
BRA,2020-10-26,5415207,18611,157526,302,,,,,,214326223
BRA,2020-10-27,5445189,29982,158052,526,,,,,,214326223
BRA,2020-10-28,5473540,28351,158556,504,,,,,,214326223
BRA,2020-10-29,5500240,26700,159107,551,,,,,,214326223
BRA,2020-10-30,5524593,24353,159680,573,,,,,,214326223
BRA,2020-10-31,5537763,13170,159972,292,,,,,,214326223
BRA,2020-11-01,5547951,10188,160175,203,,,,,,214326223
BRA,2020-11-02,5556200,8249,160340,165,,,,,,214326223
BRA,2020-11-03,5570782,14582,160628,288,,,,,,214326223
BRA,2020-11-04,5594098,23316,161246,618,,,,,,214326223
BRA,2020-11-05,5617943,23845,161849,603,,,,,,214326223
BRA,2020-11-06,5638143,20200,162120,271,,,,,,214326223
BRA,2020-11-07,5655887,17744,162348,228,,,,,,214326223
BRA,2020-11-08,5666389,10502,162538,190,,,,,,214326223
BRA,2020-11-09,5679803,13414,162724,186,,,,,,214326223
BRA,2020-11-10,5726227,46424,162922,198,,,,,,214326223
BRA,2020-11-11,5752474,26247,163496,574,,,,,,214326223
BRA,2020-11-12,5786393,33919,164429,933,,,,,,214326223
BRA,2020-11-13,5825111,38718,165005,576,,,,,,214326223
BRA,2020-11-14,5851389,26278,165739,734,,,,,,214326223
BRA,2020-11-15,5865295,13906,165879,140,,,,,,214326223
BRA,2020-11-16,5881039,15744,166136,257,,,,,,214326223
BRA,2020-11-17,5916529,35490,166814,678,,,,,,214326223
BRA,2020-11-18,5951281,34752,167568,754,,,,,,214326223
BRA,2020-11-19,5987143,35862,168218,650,,,,,,214326223
BRA,2020-11-20,6025913,38770,168731,513,,,,,,214326223
BRA,2020-11-21,6056135,30222,169088,357,,,,,,214326223
BRA,2020-11-22,6074061,17926,169266,178,,,,,,214326223
BRA,2020-11-23,6092219,18158,169621,355,,,,,,214326223
BRA,2020-11-24,6126752,34533,170248,627,,,,,,214326223
BRA,2020-11-25,6171380,44628,170871,623,,,,,,214326223
BRA,2020-11-26,6212265,40885,171581,710,,,,,,214326223
BRA,2020-11-27,6245773,33508,172140,559,,,,,,214326223
BRA,2020-11-28,6297258,51485,172684,544,,,,,,214326223
BRA,2020-11-29,6318270,21012,172917,233,,,,,,214326223
BRA,2020-11-30,6341965,23695,173268,351,,,,,,214326223
BRA,2020-12-01,6393950,51985,173953,685,,,,,,214326223
BRA,2020-12-02,6442425,48475,174632,679,,,,,,214326223
BRA,2020-12-03,6492564,50139,175393,761,,,,,,214326223
BRA,2020-12-04,6540235,47671,176071,678,,,,,,214326223
BRA,2020-12-05,6580517,40282,176718,647,,,,,,214326223
BRA,2020-12-06,6606947,26430,177058,340,,,,,,214326223
BRA,2020-12-07,6633971,27024,177483,425,,,,,,214326223
BRA,2020-12-08,6681767,47796,178281,798,,,,,,214326223
BRA,2020-12-09,6736358,54591,179134,853,,,,,,214326223
BRA,2020-12-10,6789908,53550,179903,769,,,,,,214326223
BRA,2020-12-11,6842458,52550,180564,661,,,,,,214326223
BRA,2020-12-12,6884782,42324,181241,677,,,,,,214326223
BRA,2020-12-13,6906811,22029,181536,295,,,,,,214326223
BRA,2020-12-14,6934191,27380,182049,513,,,,,,214326223
BRA,2020-12-15,6982223,48032,182983,934,,,,,,214326223
BRA,2020-12-16,7048347,66124,183924,941,,,,,,214326223
BRA,2020-12-17,7117046,68699,184985,1061,,,,,,214326223
BRA,2020-12-18,7169899,52853,185802,817,,,,,,214326223
BRA,2020-12-19,7218141,48242,186461,659,,,,,,214326223
BRA,2020-12-20,7242625,24484,186880,419,,,,,,214326223
BRA,2020-12-21,7270270,27645,187441,561,,,,,,214326223
BRA,2020-12-22,7326935,56665,188410,969,,,,,,214326223
BRA,2020-12-23,7372614,45679,189375,965,,,,,,214326223
BRA,2020-12-24,7430825,58211,190135,760,,,,,,214326223
BRA,2020-12-25,7452008,21183,190617,482,,,,,,214326223
BRA,2020-12-26,7469541,17533,190913,296,,,,,,214326223
BRA,2020-12-27,7487155,17614,191250,337,,,,,,214326223
BRA,2020-12-28,7514592,27437,191788,538,,,,,,214326223
BRA,2020-12-29,7570963,56371,192839,1051,,,,,,214326223
BRA,2020-12-30,7626563,55600,194056,1217,,,,,,214326223
BRA,2020-12-31,7681032,54469,195072,1016,,,,,,214326223
BRA,2021-01-01,7703971,22939,195541,469,,,,,,214326223
BRA,2021-01-02,7719324,15353,195834,293,,,,,,214326223
BRA,2021-01-03,7736514,17190,196145,311,,,,,,214326223
BRA,2021-01-04,7761553,25039,196742,597,,,,,,214326223
BRA,2021-01-05,7819636,58083,197930,1188,,,,,,214326223
BRA,2021-01-06,7882143,62507,199161,1231,,,,,,214326223
BRA,2021-01-07,7970112,87969,200679,1518,,,,,,214326223
BRA,2021-01-08,8029698,59586,201760,1081,,,,,,214326223
BRA,2021-01-09,8081091,51393,202769,1009,,,,,,214326223
BRA,2021-01-10,8110118,29027,203259,490,,,,,,214326223
BRA,2021-01-11,8140865,30747,203750,491,,,,,,214326223
BRA,2021-01-12,8205289,64424,204875,1125,,,,,,214326223
BRA,2021-01-13,8265116,59827,206139,1264,,,,,,214326223
BRA,2021-01-14,8333445,68329,207293,1154,,,,,,214326223
BRA,2021-01-15,8402542,69097,208428,1135,,,,,,214326223
BRA,2021-01-16,8460987,58445,209442,1014,,,,,,214326223
BRA,2021-01-17,8492403,31416,209993,551,,112,112,,,214326223
BRA,2021-01-18,8521336,28933,210469,476,,1109,1109,,997,214326223
BRA,2021-01-19,8583485,62149,211629,1160,,13527,13527,,12418,214326223
BRA,2021-01-20,8647962,64477,213024,1395,,105824,105824,,92297,214326223
BRA,2021-01-21,8706912,58950,214371,1347,,193699,193699,,87875,214326223
BRA,2021-01-22,8763517,56605,215442,1071,,462269,462269,,268570,214326223
BRA,2021-01-23,8821815,58298,216587,1145,,573268,573268,,110999,214326223
BRA,2021-01-24,8850334,28519,217182,595,,613954,613954,,40686,214326223
BRA,2021-01-25,8880864,30530,217872,690,,801759,801759,,187805,214326223
BRA,2021-01-26,8942472,61608,219027,1155,,1045746,1045746,,243987,214326223
BRA,2021-01-27,9007244,64772,220363,1336,,1327546,1327546,,281800,214326223
BRA,2021-01-28,9068004,60760,221801,1438,,1563098,1563098,,235552,214326223
BRA,2021-01-29,9127507,59503,222888,1087,,1923813,1923813,,360715,214326223
BRA,2021-01-30,9180621,53114,224080,1192,,2046523,2046523,,122710,214326223
BRA,2021-01-31,9208521,27900,224648,568,,2084119,2084119,,37596,214326223
BRA,2021-02-01,9237011,28490,225271,623,,2292551,2292551,,208432,214326223
BRA,2021-02-02,9293289,56278,226532,1261,,2521704,2521704,,229153,214326223
BRA,2021-02-03,9347703,54414,227731,1199,,2802134,2802134,,280430,214326223
BRA,2021-02-04,9404810,57107,229007,1276,,3074906,3074906,,272772,214326223
BRA,2021-02-05,9456500,51690,230258,1251,,3401383,3399421,1962,326477,214326223
BRA,2021-02-06,9502810,46310,231195,937,,3553681,3534004,19677,152298,214326223
BRA,2021-02-07,9528972,26162,231684,489,,3605538,3579850,25688,51857,214326223
BRA,2021-02-08,9557558,28586,232405,721,,3820207,3786591,33616,214669,214326223
BRA,2021-02-09,9608775,51217,233720,1315,,4120332,4069677,50655,300125,214326223
BRA,2021-02-10,9669883,61108,235081,1361,,4406835,4326075,80760,286503,214326223
BRA,2021-02-11,9723487,53604,236523,1442,,4696136,4586270,109866,289301,214326223
BRA,2021-02-12,9772429,48942,237743,1220,,5125206,4946738,178468,429070,214326223
BRA,2021-02-13,9817285,44856,238768,1025,,5236943,5042713,194230,111737,214326223
BRA,2021-02-14,9848008,30723,239421,653,,5293979,5076110,217869,57036,214326223
BRA,2021-02-15,9873816,25808,240032,611,,5609937,5324317,285620,315958,214326223
BRA,2021-02-16,9939100,65284,241124,1092,,5883539,5326007,557532,273602,214326223
BRA,2021-02-17,9986325,47225,242313,1189,,6206680,5482925,723755,323141,214326223
BRA,2021-02-18,10039804,53479,243752,1439,,6535156,5640483,894673,328476,214326223
BRA,2021-02-19,10091961,52157,245083,1331,,6813168,5756361,1056807,278012,214326223
BRA,2021-02-20,10144332,52371,246114,1031,,6950802,5817908,1132894,137634,214326223
BRA,2021-02-21,10173817,29485,246720,606,,7028356,5857080,1171276,77554,214326223
BRA,2021-02-22,10205663,31846,247431,711,,7297061,6002873,1294188,268705,214326223
BRA,2021-02-23,10269248,63585,248790,1359,,7551676,6116082,1435594,254615,214326223
BRA,2021-02-24,10334634,65386,250236,1446,,7799000,6202055,1596945,247324,214326223
BRA,2021-02-25,10402913,68279,251811,1575,,8101787,6346769,1755018,302787,214326223
BRA,2021-02-26,10466308,63395,253154,1343,,8322042,6437836,1884206,220255,214326223
BRA,2021-02-27,10524726,58418,254406,1252,,8433568,6518628,1914940,111526,214326223
BRA,2021-02-28,10558091,33365,255179,773,,8465403,6542206,1923197,31835,214326223
BRA,2021-03-01,10598476,40385,256007,828,,8841027,6806293,2034734,375624,214326223
BRA,2021-03-02,10658171,59695,257728,1721,,9277322,7114219,2163103,436295,214326223
BRA,2021-03-03,10731070,72899,259576,1848,,9739676,7417852,2321824,462354,214326223
BRA,2021-03-04,10807092,76022,261384,1808,,10169160,7701146,2468014,429484,214326223
BRA,2021-03-05,10879597,72505,263098,1714,,10576542,7958939,2617603,407382,214326223
BRA,2021-03-06,10946501,66904,264588,1490,,10830688,8142004,2688684,254146,214326223
BRA,2021-03-07,11028185,81684,265686,1098,,10948409,8227671,2720738,117721,214326223
BRA,2021-03-08,11064770,36585,266808,1122,,11357494,8504966,2852528,409085,214326223
BRA,2021-03-09,11136064,71294,268759,1951,,11756131,8764547,2991584,398637,214326223
BRA,2021-03-10,11217531,81467,271140,2381,,12181103,9013293,3167810,424972,214326223
BRA,2021-03-11,11294602,77071,273335,2195,,12613179,9298511,3314668,432076,214326223
BRA,2021-03-12,11377073,82471,275457,2122,,13017720,9547655,3470065,404541,214326223
BRA,2021-03-13,11447416,70343,277413,1956,,13223729,9669967,3553762,206009,214326223
BRA,2021-03-14,11490864,43448,278483,1070,,13286664,9718209,3568455,62935,214326223
BRA,2021-03-15,11535178,44314,279817,1334,,13763573,10087787,3675786,476909,214326223
BRA,2021-03-16,11620823,85645,282667,2850,,14198794,10402388,3796406,435221,214326223
BRA,2021-03-17,11709475,88652,285328,2661,,14648691,10725474,3923217,449897,214326223
BRA,2021-03-18,11797401,87926,288052,2724,,15087602,11055747,4031855,438911,214326223
BRA,2021-03-19,11885660,88259,290708,2656,,15623349,11509501,4113848,535747,214326223
BRA,2021-03-20,11958814,73154,293076,2368,,15883688,11739832,4143856,260339,214326223
BRA,2021-03-21,12006259,47445,294323,1247,,15980363,11818482,4161881,96675,214326223
BRA,2021-03-22,12062229,55970,295926,1603,,16567102,12314847,4252255,586739,214326223
BRA,2021-03-23,12147437,85208,299073,3147,,17157631,12817812,4339819,590529,214326223
BRA,2021-03-24,12238343,90906,301390,2317,,17886781,13436373,4450408,729150,214326223
BRA,2021-03-25,12336604,98261,304044,2654,,18655345,14102934,4552411,768564,214326223
BRA,2021-03-26,12416950,80346,307554,3510,,19577786,14928869,4648917,922441,214326223
BRA,2021-03-27,12498653,81703,310963,3409,,19962072,15282128,4679944,384286,214326223
BRA,2021-03-28,12545611,46958,312545,1582,,20216938,15513974,4702964,254866,214326223
BRA,2021-03-29,12588226,42615,314558,2013,,21160763,16335279,4825484,943825,214326223
BRA,2021-03-30,12674667,86441,318213,3655,,21950245,16995184,4955061,789482,214326223
BRA,2021-03-31,12763392,88725,322138,3925,,22839287,17745732,5093555,889042,214326223
BRA,2021-04-01,12851165,87773,325793,3655,,23880805,18639028,5241777,1041518,214326223
BRA,2021-04-02,12920540,69375,328594,2801,,24181208,18900837,5280371,300403,214326223
BRA,2021-04-03,12959895,39355,330503,1909,,24575470,19222342,5353128,394262,214326223
BRA,2021-04-04,12992213,32318,331745,1242,,24910668,19510333,5400335,335198,214326223
BRA,2021-04-05,13034887,42674,333657,1912,,25658532,20056296,5602236,747864,214326223
BRA,2021-04-06,13120019,85132,337725,4068,,26736003,20850120,5885883,1077471,214326223
BRA,2021-04-07,13208715,88696,341396,3671,,27644079,21538484,6105595,908076,214326223
BRA,2021-04-08,13297270,88555,345544,4148,,28653848,22246612,6407236,1009769,214326223
BRA,2021-04-09,13385380,88110,349296,3752,,29544578,22693305,6851273,890730,214326223
BRA,2021-04-10,13451932,66552,351674,2378,,30084664,23097172,6987492,540086,214326223
BRA,2021-04-11,13491107,39175,353531,1857,,30356896,23300896,7056000,272232,214326223
BRA,2021-04-12,13530757,39650,355242,1711,,31316420,23910515,7405905,959524,214326223
BRA,2021-04-13,13613418,82661,358999,3757,,32217205,24473138,7744067,900785,214326223
BRA,2021-04-14,13688024,74606,362444,3445,,33148388,24996380,8152008,931183,214326223
BRA,2021-04-15,13759207,71183,365935,3491,,34050325,25478194,8572131,901937,214326223
BRA,2021-04-16,13843594,84387,369272,3337,,34993448,25810304,9183144,943123,214326223
BRA,2021-04-17,13912159,68565,372149,2877,,35603882,26085155,9518727,610434,214326223
BRA,2021-04-18,13950997,38838,373671,1522,,35817144,26210282,9606862,213262,214326223
BRA,2021-04-19,13987519,36522,375427,1756,,36910479,26707227,10203252,1093335,214326223
BRA,2021-04-20,14060162,72643,378774,3347,,37909705,27184073,10725632,999226,214326223
BRA,2021-04-21,14134150,73988,381971,3197,,38467754,27518053,10949701,558049,214326223
BRA,2021-04-22,14182258,48108,384022,2051,,39291064,27887014,11404050,823310,214326223
BRA,2021-04-23,14251539,69281,387064,3042,,41073104,28783905,12289199,1782040,214326223
BRA,2021-04-24,14315320,63781,389830,2766,,41494939,28981002,12513937,421835,214326223
BRA,2021-04-25,14348961,33641,391164,1334,,41626753,29041497,12585256,131814,214326223
BRA,2021-04-26,14381359,32398,392544,1380,,42787199,29601947,13185252,1160446,214326223
BRA,2021-04-27,14457203,75844,395625,3081,,44287510,30275923,14011587,1500311,214326223
BRA,2021-04-28,14534482,77279,398637,3012,,45379804,30748674,14631130,1092294,214326223
BRA,2021-04-29,14603096,68614,401669,3032,,46426188,31243694,15182494,1046384,214326223
BRA,2021-04-30,14675104,72008,404530,2861,,47399150,31696792,15702358,972962,214326223
BRA,2021-05-01,14733396,58292,406770,2240,,47663526,31830880,15832646,264376,214326223
BRA,2021-05-02,14762684,29288,408036,1266,,47755613,31884404,15871209,92087,214326223
BRA,2021-05-03,14801673,38989,409161,1125,,48643324,32345310,16298014,887711,214326223
BRA,2021-05-04,14871208,69535,412140,2979,,49626137,32896171,16729966,982813,214326223
BRA,2021-05-05,14947580,76372,414911,2771,,50576224,33490395,17085829,950087,214326223
BRA,2021-05-06,15019870,72290,417447,2536,,51624587,34271192,17353395,1048363,214326223
BRA,2021-05-07,15096714,76844,419633,2186,,52647815,35008550,17639265,1023228,214326223
BRA,2021-05-08,15158475,61761,421715,2082,,52972460,35253389,17719071,324645,214326223
BRA,2021-05-09,15191195,32720,422637,922,,53064124,35318058,17746066,91664,214326223
BRA,2021-05-10,15227496,36301,423748,1111,,54008862,35926219,18082643,944738,214326223
BRA,2021-05-11,15297602,70106,425993,2245,,54912939,36523507,18389432,904077,214326223
BRA,2021-05-12,15373850,76248,428574,2581,,55907165,37233983,18673182,994226,214326223
BRA,2021-05-13,15453880,80030,430851,2277,,56583962,37768491,18815471,676797,214326223
BRA,2021-05-14,15531794,77914,433038,2187,,57313642,38320507,18993135,729680,214326223
BRA,2021-05-15,15599145,67351,435039,2001,,57668646,38570631,19098015,355004,214326223
BRA,2021-05-16,15636709,37564,436100,1061,,57935280,38752714,19182566,266634,214326223
BRA,2021-05-17,15672307,35598,437185,1085,,58714631,39284275,19430356,779351,214326223
BRA,2021-05-18,15747112,74805,439636,2451,,59603625,39891922,19711703,888994,214326223
BRA,2021-05-19,15827375,80263,442136,2500,,60363334,40435632,19927702,759709,214326223
BRA,2021-05-20,15910762,83387,444647,2511,,61297420,41089722,20207698,934086,214326223
BRA,2021-05-21,15987393,76631,446773,2126,,62122684,41659039,20463645,825264,214326223
BRA,2021-05-22,16055289,67896,448499,1726,,62459684,41882011,20577673,337000,214326223
BRA,2021-05-23,16093784,38495,449388,889,,63278821,42474538,20804283,819137,214326223
BRA,2021-05-24,16131264,37480,450250,862,,64098809,43008064,21090745,819988,214326223
BRA,2021-05-25,16205305,74041,452434,2184,,64918585,43525933,21392652,819776,214326223
BRA,2021-05-26,16285550,80245,454897,2463,,65668438,44045168,21623270,749853,214326223
BRA,2021-05-27,16350081,64531,456998,2101,,66363506,44530761,21832745,695068,214326223
BRA,2021-05-28,16403969,53888,459424,2426,,67359292,45284397,22074895,995786,214326223
BRA,2021-05-29,16479832,75863,461365,1941,,67761958,45604680,22157278,402666,214326223
BRA,2021-05-30,16521281,41449,462278,913,,67874735,45684962,22189773,112777,214326223
BRA,2021-05-31,16557888,36607,463244,966,,68665647,46328168,22337479,790912,214326223
BRA,2021-06-01,16636801,78913,465578,2334,,69477898,46932629,22545269,812251,214326223
BRA,2021-06-02,16733079,96278,468086,2508,,70685368,47852026,22833342,1207470,214326223
BRA,2021-06-03,16809146,76067,470000,1914,,71245492,48321463,22924029,560124,214326223
BRA,2021-06-04,16852317,43171,471191,1191,,71961789,48963900,22997889,716297,214326223
BRA,2021-06-05,16913984,61667,472861,1670,,72586950,49491413,23095537,625161,214326223
BRA,2021-06-06,16954327,40343,473741,880,,72811509,49685501,23126008,224559,214326223
BRA,2021-06-07,16994043,39716,474890,1149,,73614079,50381104,23232975,802570,214326223
BRA,2021-06-08,17049756,55713,477538,2648,,74920113,51502554,23417559,1306034,214326223
BRA,2021-06-09,17134623,84867,479930,2392,,76117123,52567517,23549606,1197010,214326223
BRA,2021-06-10,17225867,91244,482435,2505,,77243101,53577624,23665477,1125978,214326223
BRA,2021-06-11,17312179,86312,484612,2177,,78471914,54685737,23786177,1228813,214326223
BRA,2021-06-12,17385952,73773,486586,1974,,79118243,55292343,23825900,646329,214326223
BRA,2021-06-13,17422936,36984,487706,1120,,79466212,55617274,23848938,347969,214326223
BRA,2021-06-14,17465628,42692,488726,1020,,80577338,56657381,23919957,1111126,214326223
BRA,2021-06-15,17552769,87141,491411,2685,,81940689,57910386,24030303,1363351,214326223
BRA,2021-06-16,17639297,86528,494113,2702,,83181485,59068483,24113002,1240796,214326223
BRA,2021-06-17,17715789,76492,496427,2314,,85441106,61187304,24253802,2259621,214326223
BRA,2021-06-18,17811233,95444,498903,2476,,87160471,62785859,24374612,1719365,214326223
BRA,2021-06-19,17889167,77934,501108,2205,,88108418,63659153,24449265,947947,214326223
BRA,2021-06-20,17933754,44587,502139,1031,,88570223,64099339,24470884,461805,214326223
BRA,2021-06-21,17979164,45410,503120,981,,90013336,65421825,24591511,1443113,214326223
BRA,2021-06-22,18103412,124248,505223,2103,,91420290,66688623,24731667,1406954,214326223
BRA,2021-06-23,18180808,77396,507488,2265,,92782243,67890907,24891336,1361953,214326223
BRA,2021-06-24,18257432,76624,509526,2038,,94322179,69113521,25208658,1539936,214326223
BRA,2021-06-25,18332493,75061,511534,2008,,95764065,70369603,25404254,1441886,214326223
BRA,2021-06-26,18393158,60665,513051,1517,,96545254,71090361,25520772,781189,214326223
BRA,2021-06-27,18425138,31980,513772,721,,96789753,71319026,25568632,244499,214326223
BRA,2021-06-28,18457197,32059,514486,714,,97929680,72324820,25866869,1139927,214326223
BRA,2021-06-29,18523153,65956,516424,1938,,99828676,73943650,26348752,1898996,214326223
BRA,2021-06-30,18570296,47143,518488,2064,,101167462,75097273,26642477,1338786,214326223
BRA,2021-07-01,18631426,61130,520420,1932,,102561737,76284848,26949200,1394275,214326223
BRA,2021-07-02,18694998,63572,522296,1876,,104047565,77586349,27259467,1485828,214326223
BRA,2021-07-03,18748731,53733,523932,1636,,104753510,78210253,27418130,705945,214326223
BRA,2021-07-04,18774193,25462,524703,771,,105097389,78512727,27489232,343879,214326223
BRA,2021-07-05,18802128,27935,525492,789,,106696625,79835457,27854683,1599236,214326223
BRA,2021-07-06,18863811,61683,527251,1759,,108247755,81152984,28317786,1551130,214326223
BRA,2021-07-07,18917978,54167,528836,1585,,109976127,82649595,28929443,1728372,214326223
BRA,2021-07-08,18972125,54147,530563,1727,,111573265,83948802,29547039,1597138,214326223
BRA,2021-07-09,19030577,58452,532035,1472,,112999344,85166293,30044191,1426079,214326223
BRA,2021-07-10,19074698,44121,533193,1158,,113929447,85922323,30387607,930103,214326223
BRA,2021-07-11,19093845,19147,533758,565,,114350128,86272249,30545014,420681,214326223
BRA,2021-07-12,19113078,19233,534540,782,,115654260,87264587,31003288,1304132,214326223
BRA,2021-07-13,19161644,48566,536199,1659,,117154411,88385719,31569503,1500151,214326223
BRA,2021-07-14,19217741,56097,537735,1536,,118689127,89449394,32219034,1534716,214326223
BRA,2021-07-15,19272139,54398,539344,1609,,120155331,90743692,32832460,1466204,214326223
BRA,2021-07-16,19315054,42915,540733,1389,,121651233,91739486,33467323,1495902,214326223
BRA,2021-07-17,19364084,49030,542004,1271,,122615695,92434146,33818142,964462,214326223
BRA,2021-07-18,19380831,16747,542485,481,,122859535,92630599,33891244,243840,214326223
BRA,2021-07-19,19397587,16756,543153,668,,124433796,93786760,34383717,1574261,214326223
BRA,2021-07-20,19428736,31149,544532,1379,,126315897,95101845,35053766,1882101,214326223
BRA,2021-07-21,19484572,55836,545932,1400,,128199383,96304601,35808080,1883486,214326223
BRA,2021-07-22,19533253,48681,547363,1431,,130131385,97428671,36676823,1932002,214326223
BRA,2021-07-23,19640373,107120,548654,1291,,131858906,98712936,37161762,1727521,214326223
BRA,2021-07-24,19675021,34648,549735,1081,,132812191,99391757,37463852,953285,214326223
BRA,2021-07-25,19693277,18256,550214,479,,133139145,99610570,37583404,326954,214326223
BRA,2021-07-26,19714719,21442,550839,625,,134540217,100522817,38110566,1401072,214326223
BRA,2021-07-27,19758310,43591,552128,1289,,136158369,101528055,38761406,1618152,214326223
BRA,2021-07-28,19805359,47049,553501,1373,,137944954,102535345,39603390,1786585,214326223
BRA,2021-07-29,19846680,41321,554842,1341,,139483586,103363365,40360686,1538632,214326223
BRA,2021-07-30,19887058,40378,555727,885,,141319627,104477597,41116889,1836041,214326223
BRA,2021-07-31,19922146,35088,556676,949,,142301917,105083580,41507968,982290,214326223
BRA,2021-08-01,19942499,20353,557091,415,,142598659,105292650,41599313,296742,214326223
BRA,2021-08-02,19961374,18875,557635,544,,143762758,105934725,42147735,1164099,214326223
BRA,2021-08-03,19993870,32496,558872,1237,,145618595,107137953,42823483,1855837,214326223
BRA,2021-08-04,20034407,40537,559944,1072,,148054492,108658469,43769705,2435897,214326223
BRA,2021-08-05,20073891,39484,561070,1126,,149763010,109745651,44414256,1708518,214326223
BRA,2021-08-06,20116562,42671,562029,959,,151506191,110841845,45086810,1743181,214326223
BRA,2021-08-07,20156095,39533,563028,999,,152313188,111342715,45397341,806997,214326223
BRA,2021-08-08,20169989,13894,563417,389,,152680029,111566720,45542992,366841,214326223
BRA,2021-08-09,20185531,15542,563925,508,,154190964,112476618,46160465,1510935,214326223
BRA,2021-08-10,20220993,35462,565193,1268,,156399040,113880889,46980025,2208076,214326223
BRA,2021-08-11,20256436,35443,566238,1045,,158422879,115251518,47644783,2023839,214326223
BRA,2021-08-12,20292294,35858,567254,1016,,160674246,116780678,48383179,2251367,214326223
BRA,2021-08-13,20325289,32995,568146,892,,162832096,118175020,49164242,2157850,214326223
BRA,2021-08-14,20354591,29302,569058,912,,164215233,119132205,49606493,1383137,214326223
BRA,2021-08-15,20368358,13767,569447,389,,164680217,119504650,49705914,464984,214326223
BRA,2021-08-16,20386548,18190,569861,414,,166750328,120686544,50600926,2070111,214326223
BRA,2021-08-17,20425554,39006,570955,1094,,169753003,122541955,51771235,3002675,214326223
BRA,2021-08-18,20465725,40171,571945,990,,171741149,123678883,52629848,1988146,214326223
BRA,2021-08-19,20501738,36013,572968,1023,,174263122,125160916,53680684,2521973,214326223
BRA,2021-08-20,20535951,34213,573862,894,,176376890,126384146,54578690,2113768,214326223
BRA,2021-08-21,20561273,25322,574473,611,,177587502,127168248,55013076,1210612,214326223
BRA,2021-08-22,20575218,13945,574806,333,,178173214,127600937,55170955,585712,214326223
BRA,2021-08-23,20590872,15654,575223,417,,180251675,128859272,55999780,2078461,214326223
BRA,2021-08-24,20622681,31809,576082,859,,182654763,130267899,57002150,2403088,214326223
BRA,2021-08-25,20652660,29979,576969,887,,184707573,131489509,57838947,2052810,214326223
BRA,2021-08-26,20683583,30923,577840,871,,186102952,131918133,58811744,1395379,214326223
BRA,2021-08-27,20711339,27756,578658,818,,188045400,132939921,59746726,1942448,214326223
BRA,2021-08-28,20734286,22947,579287,629,,189376018,133608741,60412846,1330618,214326223
BRA,2021-08-29,20745549,11263,579565,278,,189971293,133947333,60672443,595275,214326223
BRA,2021-08-30,20758350,12801,579883,318,,191515901,134777145,61384034,1544608,214326223
BRA,2021-08-31,20785196,26846,580764,881,,194176380,136127045,62698760,2660479,214326223
BRA,2021-09-01,20810944,25748,581461,697,,196166473,137067385,63754375,1990093,214326223
BRA,2021-09-02,20837967,27023,582243,782,,198142390,137897705,64905651,1975917,214326223
BRA,2021-09-03,20861571,23604,582983,740,,200077775,138653061,66093601,1935385,214326223
BRA,2021-09-04,20881896,20325,583621,638,,201126108,139039441,66758831,1048333,214326223
BRA,2021-09-05,20894557,12661,583892,271,,201522079,139210778,66984704,395971,214326223
BRA,2021-09-06,20904729,10172,584112,220,,203024669,139985523,67702291,1502590,214326223
BRA,2021-09-07,20918333,13604,584439,327,,203577189,140218809,68020838,552520,214326223
BRA,2021-09-08,20932515,14182,584688,249,,205296045,140820674,69133319,1718856,214326223
BRA,2021-09-09,20965338,32823,585512,824,,207509808,141565747,70594540,2213763,214326223
BRA,2021-09-10,20981793,16455,586148,636,,209917761,142382292,72173074,2407953,214326223
BRA,2021-09-11,20995555,13762,586817,669,,211223433,142798088,73050585,1305672,214326223
BRA,2021-09-12,21003416,7861,587116,299,,211710814,142983971,73355123,487381,214326223
BRA,2021-09-13,21012064,8648,587400,284,,213203733,143433748,74381040,1492919,214326223
BRA,2021-09-14,21025635,13571,588078,678,,215338063,144100429,75814267,2134330,214326223
BRA,2021-09-15,21038911,13276,588879,801,,217240047,144761529,76990802,1901984,214326223
BRA,2021-09-16,21074358,35447,589542,663,,218735998,145238112,77988754,1495951,214326223
BRA,2021-09-17,21109695,35337,590180,638,,221071595,146000277,79542916,2335597,214326223
BRA,2021-09-18,21234573,,590766,586,,222156927,146371189,80250454,1085332,214326223
BRA,2021-09-19,21243748,9175,591014,248,,222581680,146553215,80492254,424753,214326223
BRA,2021-09-20,21253033,9285,591279,265,,223781527,146923305,81250428,1199847,214326223
BRA,2021-09-21,21268413,15380,591952,673,,225592884,147473077,82467468,1811357,214326223
BRA,2021-09-22,21300996,32583,592617,665,,227304555,147966925,83644344,1711671,214326223
BRA,2021-09-23,21325913,24917,593246,629,,229100357,148510818,84869772,1795802,214326223
BRA,2021-09-24,21344578,18665,593926,680,,230893002,148994474,86119839,1792645,214326223
BRA,2021-09-25,21358441,13863,594466,540,,231983152,149386359,86796636,1090150,214326223
BRA,2021-09-26,21367297,8856,594732,266,,232495892,149565073,87122476,512740,214326223
BRA,2021-09-27,21376642,9345,594926,194,,233772505,149871708,87828174,1276613,214326223
BRA,2021-09-28,21393526,16884,595743,817,,235617220,150382518,89101310,1844715,214326223
BRA,2021-09-29,21410411,16885,596424,681,,237320144,150881737,90253376,1702924,214326223
BRA,2021-09-30,21432362,21951,597032,608,,239190412,151420924,91430204,1870268,214326223
BRA,2021-10-01,21450424,18062,597522,490,,241200485,151901209,92759486,2010073,214326223
BRA,2021-10-02,21462810,12386,597976,454,,242252204,152166987,93442685,1051719,214326223
BRA,2021-10-03,21471963,9153,598202,226,,242632087,152277364,93674362,379883,214326223
BRA,2021-10-04,21483481,11518,598406,204,,243733571,152519888,94337578,1101484,214326223
BRA,2021-10-05,21505626,22145,599090,684,,245292452,152926450,95257454,1558881,214326223
BRA,2021-10-06,21524172,18546,599660,570,,247057054,153310124,96345260,1764602,214326223
BRA,2021-10-07,21538788,14616,600088,428,,248820533,153699490,97382944,1763479,214326223
BRA,2021-10-08,21557323,18535,600718,630,,250516351,154010913,98464451,1695818,214326223
BRA,2021-10-09,21572127,14804,601134,416,,251524115,154181567,99070817,1007764,214326223
BRA,2021-10-10,21580539,8412,601285,151,,252149684,154292724,99520881,625569,214326223
BRA,2021-10-11,21587532,6993,601492,207,,253164892,154580496,100085018,1015208,214326223
BRA,2021-10-12,21594887,7355,601667,175,,253561158,154693150,100324302,396266,214326223
BRA,2021-10-13,21603259,8372,601873,206,,254426529,154798792,100864092,865371,214326223
BRA,2021-10-14,21618491,15232,602445,572,,256762148,155526988,102264366,2335619,214326223
BRA,2021-10-15,21632789,14298,602952,507,,258849471,156015804,103527053,2087323,214326223
BRA,2021-10-16,21642550,9761,603417,465,,260157865,156313972,104314315,1308394,214326223
BRA,2021-10-17,21648735,6185,603545,128,,260683274,156420266,104630777,525409,214326223
BRA,2021-10-18,21658054,9319,603747,202,,261824131,156558619,105223364,1140857,214326223
BRA,2021-10-19,21671287,13233,604126,379,,263569544,156892317,106356335,1745413,214326223
BRA,2021-10-20,21686995,15708,604525,399,,265607325,157322792,107582227,2037781,214326223
BRA,2021-10-21,21703981,16986,604991,466,,266620080,157475037,108197260,1012755,214326223
BRA,2021-10-22,21717379,13398,605438,447,,267964026,157679997,108994434,1343946,214326223
BRA,2021-10-23,21729284,11905,605788,350,,268638494,157810514,109422127,674468,214326223
BRA,2021-10-24,21733820,4536,605907,119,,269442502,157986323,109945760,804008,214326223
BRA,2021-10-25,21741647,7827,606114,207,,271861944,158281322,111550520,2419442,214326223
BRA,2021-10-26,21754992,13345,606517,403,,273720279,158619663,112584033,1858335,214326223
BRA,2021-10-27,21772116,17124,606952,435,,275436454,158890656,113647161,1716175,214326223
BRA,2021-10-28,21785802,13686,607325,373,,277057532,159171324,114610870,1621078,214326223
BRA,2021-10-29,21798483,12681,607733,408,,278686713,159412919,115562494,1629181,214326223
BRA,2021-10-30,21808495,10012,607949,216,,279265141,159518249,115897379,578428,214326223
BRA,2021-10-31,21814625,6130,608082,133,,279666131,159589151,116117550,400990,214326223
BRA,2021-11-01,21819251,4626,608185,103,,279959241,159631476,116288959,293110,214326223
BRA,2021-11-02,21825169,5918,608337,152,,280181200,159667965,116399784,221959,214326223
BRA,2021-11-03,21841479,16310,608527,190,,281228625,159792323,117020085,1047425,214326223
BRA,2021-11-04,21854726,13247,608961,434,,282661800,160056071,117929773,1433175,214326223
BRA,2021-11-05,21867724,12998,609343,382,,284683953,160333906,119243098,2022153,214326223
BRA,2021-11-06,21878897,11173,609646,303,,285378181,160423951,119655284,694228,214326223
BRA,2021-11-07,21884558,5661,609716,70,,285943124,160707880,119901571,564943,214326223
BRA,2021-11-08,21891439,6881,609836,120,,287531811,160971992,120880423,1588687,214326223
BRA,2021-11-09,21903249,11810,610044,208,,288956195,161179478,121738604,1424384,214326223
BRA,2021-11-10,21918229,14980,610313,269,,290429521,161412780,122635903,1473326,214326223
BRA,2021-11-11,21933767,15538,610553,240,,292021210,161690791,123598784,1591689,214326223
BRA,2021-11-12,21948366,14599,611174,621,,293253508,161743151,124416550,1232298,214326223
BRA,2021-11-13,21957724,9358,611481,307,,293936446,161814220,124872035,682938,214326223
BRA,2021-11-14,21962026,4302,611546,65,,294339583,161908494,125123667,403137,214326223
BRA,2021-11-15,21964769,2743,611616,70,,294928227,161973124,125467475,588644,214326223
BRA,2021-11-16,21971337,6568,611759,143,,295624622,162028086,125915845,696395,214326223
BRA,2021-11-17,21984449,13112,612136,377,,297253230,162257537,126961439,1628608,214326223
BRA,2021-11-18,21995851,11402,612408,272,,298447729,162397679,127639599,1194499,214326223
BRA,2021-11-19,22008224,12373,612646,238,,299734733,162554502,128377050,1287004,214326223
BRA,2021-11-20,22016439,8215,612853,207,,300573489,162688776,128851409,838756,214326223
BRA,2021-11-21,22021527,5088,612949,96,,301182753,162812584,129200205,609264,214326223
BRA,2021-11-22,22025668,4141,613075,126,,302331069,162957786,129832016,1148316,214326223
BRA,2021-11-23,22038108,12440,613370,295,,303515430,163108526,130530871,1184361,214326223
BRA,2021-11-24,22050362,12254,613641,271,,304659197,163216460,131215922,1143767,214326223
BRA,2021-11-25,22062645,12283,613929,288,,305503188,163342820,131709249,843991,214326223
BRA,2021-11-26,22073524,10879,614234,305,,306741882,163546806,132395866,1238694,214326223
BRA,2021-11-27,22081833,8309,614461,227,,307205318,163607249,132667094,463436,214326223
BRA,2021-11-28,22085369,3536,614541,80,,307583387,163684746,132895365,378069,214326223
BRA,2021-11-29,22089858,4489,614659,118,,307817825,163706613,133029594,234438,214326223
BRA,2021-11-30,22100143,10285,614985,326,,309486607,163926497,133911230,1668782,214326223
BRA,2021-12-01,22112425,12282,615253,268,,310770495,164159539,134636857,1283888,214326223
BRA,2021-12-02,22124356,11931,615449,196,,311950389,164290464,135324508,1179894,214326223
BRA,2021-12-03,22134978,10622,615683,234,,313665030,164457496,136438552,1714641,214326223
BRA,2021-12-04,22142385,7407,615829,146,,314450780,164543599,136830588,785750,214326223
BRA,2021-12-05,22147078,4693,615900,71,,314612221,164589731,136905306,161441,214326223
BRA,2021-12-06,22153095,6017,616032,132,,315518302,164604790,137355248,906081,214326223
BRA,2021-12-07,22163231,10136,616293,261,,316677030,164711745,137905915,1158728,214326223
BRA,2021-12-08,22173363,10132,616533,240,,317474217,164800426,138249795,797187,214326223
BRA,2021-12-09,22182116,8753,616733,200,,318799260,164914808,138924356,1325043,214326223
BRA,2021-12-10,22189181,7065,616961,228,,319739095,,139320682,939835,214326223
BRA,2021-12-11,22191865,2684,617014,53,,319980117,,139389518,241022,214326223
BRA,2021-12-12,22193480,1615,617096,82,,320112450,,139421689,132333,214326223
BRA,2021-12-13,22196250,2770,617141,45,,320737938,,139783903,625488,214326223
BRA,2021-12-14,22200629,4379,617254,113,,321601407,164933940,140151965,863469,214326223
BRA,2021-12-15,22205707,5078,617552,298,,322902290,165135181,140902990,1300883,214326223
BRA,2021-12-16,22209368,3661,617675,123,,323831095,165279022,141175069,928805,214326223
BRA,2021-12-17,22213731,4363,617873,198,,324589549,165393977,141411665,758454,214326223
BRA,2021-12-18,22216112,2381,618011,138,,324798686,165409165,141474540,209137,214326223
BRA,2021-12-19,22217570,1458,618066,55,,324846680,165417886,141488098,47994,214326223
BRA,2021-12-20,22220209,2639,618149,83,,325593485,165471288,141702263,746805,214326223
BRA,2021-12-21,22223943,3734,618220,71,,326335565,165554570,141915573,742080,214326223
BRA,2021-12-22,22227169,3226,618366,146,,327562756,165836442,142378728,1227191,214326223
BRA,2021-12-23,22230943,3774,618492,126,,328473878,165894312,,911122,214326223
BRA,2021-12-24,22234623,3680,618655,163,,,,,,214326223
BRA,2021-12-25,22238297,3674,618686,31,,,,,,214326223
BRA,2021-12-26,22243266,4969,618732,46,,,,,,214326223
BRA,2021-12-27,22250218,6952,618797,65,,329011365,165952037,142764283,,214326223
BRA,2021-12-28,22259270,9052,618978,181,,329861730,166062249,142965728,850365,214326223
BRA,2021-12-29,22269031,9761,619095,117,,330718457,166143380,143282084,856727,214326223
BRA,2021-12-30,22281649,12618,619249,154,,331164041,166185628,143398692,445584,214326223
BRA,2021-12-31,22291839,10190,619334,85,,331273910,166195505,143436012,109869,214326223
BRA,2022-01-01,22295621,3782,619367,33,,331292259,166199307,143441284,18349,214326223
BRA,2022-01-02,22297427,1806,619401,34,,331335826,166206716,143462401,43567,214326223
BRA,2022-01-03,22309081,11654,619473,72,,332076818,166320650,143723393,740992,214326223
BRA,2022-01-04,22328252,19171,619654,181,,332903332,166426973,143762375,826514,214326223
BRA,2022-01-05,22351104,22852,619654,0,,333627875,166475764,143877220,724543,214326223
BRA,2022-01-06,22386930,35826,619654,0,,,,,,214326223
BRA,2022-01-07,22450222,63292,619822,168,,,,,,214326223
BRA,2022-01-08,22499525,49303,619937,115,,,,,,214326223
BRA,2022-01-09,22529183,29658,620251,314,,335742922,166618516,144380523,,214326223
BRA,2022-01-10,22563104,33921,620366,115,,336825920,166713275,144723824,1082998,214326223
BRA,2022-01-11,22636359,73255,620507,141,,337655171,166769657,144866950,829251,214326223
BRA,2022-01-12,22724232,87873,620641,134,,338386118,166772188,145005051,730947,214326223
BRA,2022-01-13,22822177,97945,620830,189,,339257036,166833338,145252463,870918,214326223
BRA,2022-01-14,22933289,111112,621063,233,,339988963,166870347,145379254,731927,214326223
BRA,2022-01-15,22981851,48562,621233,170,,340281915,166909237,145459361,292952,214326223
BRA,2022-01-16,23015128,33277,621327,94,,343352666,167093156,146291728,3070751,214326223
BRA,2022-01-17,23089509,74381,621478,151,,347329271,167330250,147223765,3976605,214326223
BRA,2022-01-18,23229851,140342,621803,325,,348164653,167385859,147536850,835382,214326223
BRA,2022-01-19,23425392,195541,622125,322,,349495232,167547304,147737978,1330579,214326223
BRA,2022-01-20,23595178,169786,622476,351,,350629268,167751970,148043971,1134036,214326223
BRA,2022-01-21,23766499,171321,622875,399,,351485976,167875050,148225622,856708,214326223
BRA,2022-01-22,23931609,165110,623191,316,,352744905,168014778,148534163,1258929,214326223
BRA,2022-01-23,24054405,122796,623370,179,,352952210,168090877,148571660,207305,214326223
BRA,2022-01-24,24142032,87627,623636,266,,354878131,168341120,148929430,1925921,214326223
BRA,2022-01-25,24342322,200290,624129,493,,355987219,168546490,149165531,1109088,214326223
BRA,2022-01-26,24560093,217771,624717,588,,357132990,168921071,149273731,1145771,214326223
BRA,2022-01-27,24789795,229702,625390,673,,358789930,169261105,149542396,1656940,214326223
BRA,2022-01-28,25050601,260806,626170,780,,360492730,169619416,149714068,1702800,214326223
BRA,2022-01-29,25256198,205597,626870,700,,361165196,169825847,149779557,672466,214326223
BRA,2022-01-30,25360647,104449,627150,280,,361309679,169865538,149793528,144483,214326223
BRA,2022-01-31,25463530,102883,627589,439,,362503209,170322125,149930855,1193530,214326223
BRA,2022-02-01,25634781,171251,628356,767,,363827251,170599221,150040841,1324042,214326223
BRA,2022-02-02,25820745,185964,629301,945,,365113872,170911850,150259405,1286621,214326223
BRA,2022-02-03,26107894,287149,630301,1000,,366488450,171219037,150497414,1374578,214326223
BRA,2022-02-04,26326454,218560,631265,964,,367778211,171783306,150682483,1289761,214326223
BRA,2022-02-05,26484546,158092,632095,830,,368572365,172107474,150764876,794154,214326223
BRA,2022-02-06,26546399,61853,632514,419,,369521071,172186641,150868539,948706,214326223
BRA,2022-02-07,26616014,69615,632946,432,,370659862,172652514,150995915,1138791,214326223
BRA,2022-02-08,26793497,177483,634118,1172,,371840433,172885945,151169160,1180571,214326223
BRA,2022-02-09,26972914,179417,635421,1303,,373331749,172995877,151496825,1491316,214326223
BRA,2022-02-10,27135550,162636,636338,917,,375028165,173402815,151866862,1696416,214326223
BRA,2022-02-11,27299336,163786,637467,1129,,376813738,173901090,152092266,1785573,214326223
BRA,2022-02-12,27434286,134950,638346,879,,377626315,174117725,152194707,812577,214326223
BRA,2022-02-13,27492904,58618,638673,327,,378011196,174214439,152338804,384881,214326223
BRA,2022-02-14,27552267,59363,639151,478,,378917750,174420792,152482989,906554,214326223
BRA,2022-02-15,27677468,125201,640076,925,,379776348,174665423,152576040,858598,214326223
BRA,2022-02-16,27819996,142528,641096,1020,,380878261,174949012,152751771,1101913,214326223
BRA,2022-02-17,27940119,120123,642156,1060,,382196732,175209007,152934928,1318471,214326223
BRA,2022-02-18,28072238,132119,643340,1184,,384112607,175933938,153259174,1915875,214326223
BRA,2022-02-19,28177367,105129,644195,855,,385030790,176141497,153450986,918183,214326223
BRA,2022-02-20,28218180,40813,644592,397,,385406305,176222268,153503892,375515,214326223
BRA,2022-02-21,28258458,40278,644918,326,,386298288,176406587,153654205,891983,214326223
BRA,2022-02-22,28361951,103493,645735,817,,387226162,176625569,153776069,927874,214326223
BRA,2022-02-23,28493336,131385,646714,979,,388306875,176920320,154064354,1080713,214326223
BRA,2022-02-24,28589235,95899,647703,989,,389748374,177174489,154310603,1441499,214326223
BRA,2022-02-25,28679671,90436,648496,793,,391253145,177448925,154573852,1504771,214326223
BRA,2022-02-26,28749552,69881,649184,688,,391785022,177544796,154668487,531877,214326223
BRA,2022-02-27,28776794,27242,649437,253,,391970436,177579708,154719004,185414,214326223
BRA,2022-02-28,28796571,19777,649676,239,,392763634,177742258,155044552,793198,214326223
BRA,2022-03-01,28818850,22279,649922,246,,392925626,177836868,155071690,161992,214326223
BRA,2022-03-02,28846495,27645,650254,332,,,,,,214326223
BRA,2022-03-03,28906672,60177,650824,570,,394111796,177987744,155380086,,214326223
BRA,2022-03-04,28978052,71380,651522,698,,394812859,178113009,155569412,701063,214326223
BRA,2022-03-05,29040800,62748,652216,694,,395464826,178203894,155711613,651967,214326223
BRA,2022-03-06,29056525,15725,652438,222,,395658972,178245534,155740455,194146,214326223
BRA,2022-03-07,29077831,21306,652648,210,,396537303,178366451,155930535,878331,214326223
BRA,2022-03-08,29152318,74487,653134,486,,397386286,178486274,156114741,848983,214326223
BRA,2022-03-09,29198101,45783,653767,633,,398449118,178657742,156339809,1062832,214326223
BRA,2022-03-10,29259206,61105,654380,613,,400536072,179288492,157250835,2086954,214326223
BRA,2022-03-11,29313228,54022,654843,463,,401272006,179411783,157418571,735934,214326223
BRA,2022-03-12,29361024,47796,655234,391,,402357624,179715577,157623243,1085618,214326223
BRA,2022-03-13,29374833,13809,655359,125,,402573315,179754579,157662860,215691,214326223
BRA,2022-03-14,29391345,16512,655557,198,,403286505,179853602,157830125,713190,214326223
BRA,2022-03-15,29441039,49694,655878,321,,403856898,179913614,157992526,570393,214326223
BRA,2022-03-16,29488777,47738,656231,353,,404885141,180005705,158245106,1028243,214326223
BRA,2022-03-17,29532810,44033,656693,462,,405634648,180093699,158439105,749507,214326223
BRA,2022-03-18,29584800,51990,657098,405,,406685448,180265232,158682962,1050800,214326223
BRA,2022-03-19,29624435,39635,657389,291,,407274462,180341198,158832351,589014,214326223
BRA,2022-03-20,29637814,13379,657495,106,,407435784,180360121,158863543,161322,214326223
BRA,2022-03-21,29650082,12268,657595,100,,408348030,180469257,159101357,912246,214326223
BRA,2022-03-22,29691641,41559,658005,410,,408961974,180523619,159240417,613944,214326223
BRA,2022-03-23,29738362,46721,658286,281,,409606978,180592464,159388079,645004,214326223
BRA,2022-03-24,29775568,37206,658600,314,,410175836,180653782,159513421,568858,214326223
BRA,2022-03-25,29809769,34201,658855,255,,410860641,180726798,159673499,684805,214326223
BRA,2022-03-26,29839103,29334,659046,191,,411116197,180757995,159756178,255556,214326223
BRA,2022-03-27,29849740,10637,659159,113,,411548202,180800024,159842858,432005,214326223
BRA,2022-03-28,29857641,7901,659227,68,,412177025,180881628,160008924,628823,214326223
BRA,2022-03-29,29887191,29550,659508,281,,413559595,181078067,160272858,1382570,214326223
BRA,2022-03-30,29920604,33413,659769,261,,414606124,181174361,160525435,1046529,214326223
BRA,2022-03-31,29951670,31066,660022,253,,415350921,181233281,160706753,744797,214326223
BRA,2022-04-01,29978513,26843,660265,243,,,,,,214326223
BRA,2022-04-02,29995575,17062,660371,106,,,,,,214326223
BRA,2022-04-03,30002785,7210,660410,39,,416625503,181342972,161015556,,214326223
BRA,2022-04-04,30015357,12572,660570,160,,417150367,181374540,161109802,524864,214326223
BRA,2022-04-05,30042272,26915,660786,216,,418081276,181451944,161296449,930909,214326223
BRA,2022-04-06,30069094,26822,660980,194,,418988804,181544315,161485597,907528,214326223
BRA,2022-04-07,30095328,26234,661228,248,,419669076,181596648,161634006,680272,214326223
BRA,2022-04-08,30125540,30212,661377,149,,420411074,181652995,161802142,741998,214326223
BRA,2022-04-09,30146769,21229,661475,98,,420841281,181687021,161882738,430207,214326223
BRA,2022-04-10,30153979,7210,661513,38,,421028480,181702093,161924220,187199,214326223
BRA,2022-04-11,30161909,7930,661576,63,,421634418,181755180,162079967,605938,214326223
BRA,2022-04-12,30184286,22377,661741,165,,422368139,181810164,162237061,733721,214326223
BRA,2022-04-13,30210934,26648,661904,163,,422804515,181841381,162328262,436376,214326223
BRA,2022-04-14,30234024,23090,662043,139,,423594585,181894974,162490311,790070,214326223
BRA,2022-04-15,30247302,13278,662154,111,,,,,,214326223
BRA,2022-04-16,30250077,2775,662185,31,,,,,,214326223
BRA,2022-04-17,30252618,2541,662207,22,,424058492,181975535,162589368,,214326223
BRA,2022-04-18,30261088,8470,662271,64,,424403120,182010643,162689883,344628,214326223
BRA,2022-04-19,30275219,14131,662396,125,,425301193,182287352,162888301,898073,214326223
BRA,2022-04-20,30311969,36750,662659,263,,426002158,182324186,163106069,700965,214326223
BRA,2022-04-21,30330629,18660,662751,92,,426445178,182365678,163228941,443020,214326223
BRA,2022-04-22,30338697,8068,662802,51,,,,,,214326223
BRA,2022-04-23,30345808,7111,662855,53,,426683997,182395741,163322265,,214326223
BRA,2022-04-24,30349463,3655,662891,36,,426686042,182395817,163322557,2045,214326223
BRA,2022-04-25,30355919,6456,662964,73,,426987455,182426996,163400967,301413,214326223
BRA,2022-04-26,30378061,22142,663108,144,,427262945,182455170,163481925,275490,214326223
BRA,2022-04-27,30399004,20943,663350,242,,428179278,182519774,163675729,916333,214326223
BRA,2022-04-28,30418920,19916,663464,114,,428748714,182563727,163815874,569436,214326223
BRA,2022-04-29,30433042,14122,663649,185,,429202399,182599066,163923507,453685,214326223
BRA,2022-04-30,30448236,15194,663736,87,,,,,,214326223
BRA,2022-05-01,30454499,6263,663752,16,,429613287,182623313,163989684,,214326223
BRA,2022-05-02,30460997,6498,663838,86,,430000411,182665767,164101615,387124,214326223
BRA,2022-05-03,30482429,21432,663930,92,,430435333,182707626,164217813,434922,214326223
BRA,2022-05-04,30502501,20072,663994,64,,430951275,182778371,164385393,515942,214326223
BRA,2022-05-05,30524183,21682,664131,137,,431278922,182800351,164464910,327647,214326223
BRA,2022-05-06,30543908,19725,664326,195,,431859321,182850462,164564155,580399,214326223
BRA,2022-05-07,30558530,14622,664361,35,,432025086,182860122,164594075,165765,214326223
BRA,2022-05-08,30564536,6006,664374,13,,432134475,182871051,164611407,109389,214326223
BRA,2022-05-09,30574245,9709,664426,52,,432354816,182895357,164655881,220341,214326223
BRA,2022-05-10,30594388,20143,664624,198,,432639345,182912971,164719113,284529,214326223
BRA,2022-05-11,30617786,23398,664750,126,,434019486,183059675,165033358,1380141,214326223
BRA,2022-05-12,30639130,21344,664874,124,,435017274,183119662,165122240,997788,214326223
BRA,2022-05-13,30664739,25609,665012,138,,435185477,183131850,165160304,168203,214326223
BRA,2022-05-14,30682094,17355,665104,92,,435226309,183134052,165170618,40832,214326223
BRA,2022-05-15,30688390,6296,665150,46,,435243423,183135100,165173312,17114,214326223
BRA,2022-05-16,30701900,13510,665216,66,,435312095,183142928,165182832,68672,214326223
BRA,2022-05-17,30701900,0,665216,0,,,,,,214326223
BRA,2022-05-18,30701900,0,665216,0,,436276886,183205522,165396479,,214326223
BRA,2022-05-19,30701900,0,665216,0,,436936651,183241820,165448319,659765,214326223
BRA,2022-05-20,30762413,60513,665722,506,,437099610,183251237,165506166,162959,214326223
BRA,2022-05-21,30762413,0,665720,,,437142038,183256110,165518807,42428,214326223
BRA,2022-05-22,30791220,28807,665854,134,,,,,,214326223
BRA,2022-05-23,30803995,12775,665891,37,,,,,,214326223
BRA,2022-05-24,30836815,32820,666129,238,,,,,,214326223
BRA,2022-05-25,30851191,14376,666261,132,,,,,,214326223
BRA,2022-05-26,30880512,29321,666180,,,438839760,183699529,165816612,,214326223
BRA,2022-05-27,30921145,40633,666319,139,,440230116,183815081,165961524,1390356,214326223
BRA,2022-05-28,30945384,24239,666391,72,,440558613,183853208,166003440,328497,214326223
BRA,2022-05-29,30953579,8195,666453,62,,440647763,183859105,166018561,89150,214326223
BRA,2022-05-30,30977661,24082,666516,63,,440887471,183885189,166071932,239708,214326223
BRA,2022-05-31,31019038,41377,666676,160,,441054017,183894671,166104268,166546,214326223
BRA,2022-06-01,31060017,40979,666801,125,,441279964,183925335,166164004,225947,214326223
BRA,2022-06-02,31101290,41273,666930,129,,,,,,214326223
BRA,2022-06-03,31137479,36189,666971,41,,442571325,184018923,166365243,,214326223
BRA,2022-06-04,31137479,0,666971,0,,443278533,184062381,166424506,707208,214326223
BRA,2022-06-05,31137479,0,666971,0,,443475532,184077691,166459996,196999,214326223
BRA,2022-06-06,31195118,57639,667041,70,,443829496,184091855,166493992,353964,214326223
BRA,2022-06-07,31266163,71045,667348,307,,444537453,184130468,166572602,707957,214326223
BRA,2022-06-08,31315777,49614,667647,299,,445097070,184150383,166737175,559617,214326223
BRA,2022-06-09,31360850,45073,667790,143,,446745262,184254911,167910796,1648192,214326223
BRA,2022-06-10,31417341,56491,667960,170,,,,,,214326223
BRA,2022-06-11,31445137,27796,668074,114,,447416630,184281808,168008971,,214326223
BRA,2022-06-12,31456865,11728,668110,36,,447455088,184286899,168027302,38458,214326223
BRA,2022-06-13,31497038,40173,668180,70,,447773835,184298439,168055659,318747,214326223
BRA,2022-06-14,31541479,44441,668354,174,,448234610,184321008,168113218,460775,214326223
BRA,2022-06-15,31611769,70290,668693,339,,448567375,184337124,168140833,332765,214326223
BRA,2022-06-16,31611769,0,668693,0,,449034484,184418250,168228893,467109,214326223
BRA,2022-06-17,31611769,0,668693,0,,449187010,184424410,168245953,152526,214326223
BRA,2022-06-18,31611769,0,668693,0,,449291596,184431840,168262637,104586,214326223
BRA,2022-06-19,31611769,0,668693,0,,449339384,184433745,168272147,47788,214326223
BRA,2022-06-20,31754465,142696,669161,468,,449796728,184456417,168365246,457344,214326223
BRA,2022-06-21,31818827,64362,669390,229,,450342490,184483215,168401552,545762,214326223
BRA,2022-06-22,31890733,71906,669530,140,,450847767,184509247,168480030,505277,214326223
BRA,2022-06-23,31962782,72049,669895,365,,451276207,184537975,168547546,428440,214326223
BRA,2022-06-24,32023166,60384,670229,334,,451641403,184552936,168569319,365196,214326223
BRA,2022-06-25,32023166,0,670229,0,,451645589,184554559,168570301,4186,214326223
BRA,2022-06-26,32023166,0,670229,0,,451787907,184557755,168577895,142318,214326223
BRA,2022-06-27,32130316,107150,670532,303,,452218476,184574635,168604658,430569,214326223
BRA,2022-06-28,32206954,76638,670848,316,,,,,,214326223
BRA,2022-06-29,32206954,0,670848,0,,454770759,184662547,168901560,,214326223
BRA,2022-06-30,32358018,151064,671416,568,,454854179,184682893,168924041,83420,214326223
BRA,2022-07-01,32434063,76045,671700,284,,455499598,184737131,169070566,645419,214326223
BRA,2022-07-02,32471847,37784,671858,158,,455720321,184748472,169103088,220723,214326223
BRA,2022-07-03,32490422,18575,671911,53,,456101065,184764593,169144171,380744,214326223
BRA,2022-07-04,32535923,45501,672033,122,,456903089,184786423,169188579,802024,214326223
BRA,2022-07-05,32610514,74591,672429,396,,457240603,184808029,169230631,337514,214326223
BRA,2022-07-06,32687680,77166,672790,361,,,,,,214326223
BRA,2022-07-07,32759730,72050,673073,283,,458043955,184864012,169334423,,214326223
BRA,2022-07-08,32830844,71114,673339,266,,,,,,214326223
BRA,2022-07-09,32874501,43657,673554,215,,458439642,184886392,169396807,,214326223
BRA,2022-07-10,32896464,21963,673610,56,,458522879,184888876,169407663,83237,214326223
BRA,2022-07-11,32940507,44043,673758,148,,459647933,184902655,169450183,1125054,214326223
BRA,2022-07-12,33004555,64048,674102,344,,,,,,214326223
BRA,2022-07-13,33076779,72224,674482,380,,460051351,184922668,169518495,,214326223
BRA,2022-07-14,33142158,65379,674779,297,,461148848,184951661,169602261,1097497,214326223
BRA,2022-07-15,33250117,107959,675090,311,,,,,,214326223
BRA,2022-07-16,33290266,40149,675295,205,,461493406,184973979,169671773,,214326223
BRA,2022-07-17,33301118,10852,675350,55,,461568115,184976830,169680492,74709,214326223
BRA,2022-07-18,33339815,38697,675518,168,,,,,,214326223
BRA,2022-07-19,33397814,57999,675871,353,,,,,,214326223
BRA,2022-07-20,33454294,56480,676217,346,,,,,,214326223
BRA,2022-07-21,33505727,51433,676486,269,,,,,,214326223
BRA,2022-07-22,33555526,49799,676766,280,,,,,,214326223
BRA,2022-07-23,33555526,0,676766,0,,,,,,214326223
BRA,2022-07-24,33591356,35830,676964,198,,465319009,185208286,170168354,,214326223
BRA,2022-07-25,33621965,30609,677143,179,,,,,,214326223
BRA,2022-07-26,33659879,37914,677494,351,,,,,,214326223
BRA,2022-07-27,33704393,44514,677804,310,,,,,,214326223
BRA,2022-07-28,33748985,44592,678069,265,,,,,,214326223
BRA,2022-07-29,33790698,41713,678313,244,,,,,,214326223
BRA,2022-07-30,33813587,22889,678486,173,,,,,,214326223
BRA,2022-07-31,33833900,20313,678514,28,,,,,,214326223
BRA,2022-08-01,33855964,22064,678715,201,,,,,,214326223
BRA,2022-08-02,33890428,34464,679010,295,,,,,,214326223
BRA,2022-08-03,33924061,33633,679275,265,,,,,,214326223
BRA,2022-08-04,33964494,40433,679536,261,,,,,,214326223
BRA,2022-08-05,33994470,29976,679758,222,,,,,,214326223
BRA,2022-08-06,34011173,16703,679939,181,,,,,,214326223
BRA,2022-08-07,34018371,7198,679996,57,,,,,,214326223
BRA,2022-08-08,34035780,17409,680166,170,,465620128,185834527,170839777,,214326223
BRA,2022-08-09,34066000,30220,680531,365,,465843376,185856818,170942943,223248,214326223
BRA,2022-08-10,34066000,0,680531,0,,466047379,185892530,170983152,204003,214326223
BRA,2022-08-11,34124579,58579,681006,475,,466464500,185920530,170998964,417121,214326223
BRA,2022-08-12,34148131,23552,681253,247,,466850155,185975699,171084385,385655,214326223
BRA,2022-08-13,34148131,0,681253,0,,,,,,214326223
BRA,2022-08-14,34148131,0,681253,0,,467002964,185993496,171111631,,214326223
BRA,2022-08-15,34178240,30109,681557,304,,467119772,186014159,171145175,116808,214326223
BRA,2022-08-16,34201280,23040,681763,206,,,,,,214326223
BRA,2022-08-17,34223207,21927,682010,247,,,,,,214326223
BRA,2022-08-18,34245374,22167,682216,206,,468196498,186100433,171285767,,214326223
BRA,2022-08-19,34264237,18863,682358,142,,468240252,186112320,171298784,43754,214326223
BRA,2022-08-20,34264237,0,682358,0,,468323757,186147547,171315994,83505,214326223
BRA,2022-08-21,34264237,0,682358,0,,468339633,186159303,171319284,15876,214326223
BRA,2022-08-22,34284864,20627,682549,191,,468400138,186176638,171336583,60505,214326223
BRA,2022-08-23,34284864,0,682549,0,,468580889,186302961,171369543,180751,214326223
BRA,2022-08-24,34329600,44736,683076,527,,468684685,186358100,171401015,103796,214326223
BRA,2022-08-25,34350639,21039,683233,157,,468741076,186374962,171421366,56391,214326223
BRA,2022-08-26,34368909,18270,683397,164,,468802225,186397361,171439071,61149,214326223
BRA,2022-08-27,34368909,0,683397,0,,468830167,186406003,171451693,27942,214326223
BRA,2022-08-28,34368909,0,683397,0,,468834023,186406388,171451863,3856,214326223
BRA,2022-08-29,34397205,28296,683622,225,,470058345,186476296,171607294,1224322,214326223
BRA,2022-08-30,34414011,16806,683851,229,,470115910,186491119,171625383,57565,214326223
BRA,2022-08-31,34429853,15842,683965,114,,470327404,186519881,171665721,211494,214326223
BRA,2022-09-01,34429853,0,683965,0,,470483060,186542426,171709120,155656,214326223
BRA,2022-09-02,34456145,26292,684262,297,,470528623,186558432,171721033,45563,214326223
BRA,2022-09-03,34456145,0,684262,0,,470708499,186578811,171762519,179876,214326223
BRA,2022-09-04,34456145,0,684262,0,,470745558,186583216,171768695,37059,214326223
BRA,2022-09-05,34477539,21394,684425,163,,470784030,186590349,171778301,38472,214326223
BRA,2022-09-06,34477539,0,684425,0,,470898070,186618522,171809197,114040,214326223
BRA,2022-09-07,34477539,0,684425,0,,470910315,186624508,171811546,12245,214326223
BRA,2022-09-08,34477539,0,684425,0,,470943250,186632925,171821267,32935,214326223
BRA,2022-09-09,34516739,39200,684813,388,,471130593,186656503,171858625,187343,214326223
BRA,2022-09-10,34516739,0,684813,0,,471187373,186663841,171871796,56780,214326223
BRA,2022-09-11,34516739,0,684813,0,,471204985,186665783,171875292,17612,214326223
BRA,2022-09-12,34533957,17218,684898,85,,471266090,186674424,171889220,61105,214326223
BRA,2022-09-13,34544377,10420,685002,104,,471378826,186715084,171949598,112736,214326223
BRA,2022-09-14,34558902,14525,685121,119,,471541070,186735750,171986751,162244,214326223
BRA,2022-09-15,34568833,9931,685203,82,,471637254,186749395,172011897,96184,214326223
BRA,2022-09-16,34568833,0,685203,0,,471683198,186763817,172032889,45944,214326223
BRA,2022-09-17,34568833,0,685203,0,,471818420,186779155,172062452,135222,214326223
BRA,2022-09-18,34568833,0,685203,0,,471848842,186784356,172070129,30422,214326223
BRA,2022-09-19,34592163,23330,685424,221,,471886071,186794251,172085291,37229,214326223
BRA,2022-09-20,34592027,,685428,4,,471922157,186802634,172101534,36086,214326223
BRA,2022-09-21,34592027,0,685428,0,,472074264,186822935,172143680,152107,214326223
BRA,2022-09-22,34616655,24628,685677,249,,,,,,214326223
BRA,2022-09-23,34624427,7772,685750,73,,472271029,186857554,172196847,,214326223
BRA,2022-09-24,34624427,0,685750,0,,472338682,186866076,172212074,67653,214326223
BRA,2022-09-25,34624427,0,685750,0,,472364620,186868669,172217754,25938,214326223
BRA,2022-09-26,34638288,13861,685835,85,,472820035,187303916,172225884,455415,214326223
BRA,2022-09-27,34638288,0,685835,0,,472853663,187313182,172239966,33628,214326223
BRA,2022-09-28,34654190,15902,685927,92,,472972308,187327659,172264693,118645,214326223
BRA,2022-09-29,34654190,0,685927,0,,,,,,214326223
BRA,2022-09-30,34672524,18334,686036,109,,,,,,214326223
BRA,2022-10-01,34672524,0,686036,0,,,,,,214326223
BRA,2022-10-02,34672524,0,686036,0,,,,,,214326223
BRA,2022-10-03,34684529,12005,686371,335,,,,,,214326223
BRA,2022-10-04,34684529,0,686371,0,,,,,,214326223
BRA,2022-10-05,34699017,14488,686573,202,,,,,,214326223
BRA,2022-10-06,34707233,8216,686706,133,,,,,,214326223
BRA,2022-10-07,34707233,0,686706,0,,473061343,187376439,172307814,,214326223
BRA,2022-10-08,34707233,0,686706,0,,473061574,187376439,172308045,231,214326223
BRA,2022-10-09,34707233,0,686706,0,,473061603,187376439,172308074,29,214326223
BRA,2022-10-10,34724189,16956,686877,171,,473062582,187377009,172308483,979,214326223
BRA,2022-10-11,34731539,7350,686963,86,,473062796,187377009,172308697,214,214326223
BRA,2022-10-12,34731539,0,686963,0,,,,,,214326223
BRA,2022-10-13,34739865,8326,687069,106,,473081170,187385383,172318697,,214326223
BRA,2022-10-14,34746462,6597,687144,75,,473081511,187385383,172319038,341,214326223
BRA,2022-10-15,34746462,0,687144,0,,473081752,187385383,172319279,241,214326223
BRA,2022-10-16,34746462,0,687144,0,,473081842,187385383,172319369,90,214326223
BRA,2022-10-17,34746462,0,687144,0,,473082944,187385383,172320471,1102,214326223
BRA,2022-10-18,34746462,0,687144,0,,473101078,187385670,172338318,18134,214326223
BRA,2022-10-19,34771320,24858,687423,279,,473101313,187385670,172338553,235,214326223
BRA,2022-10-20,34771320,0,687423,0,,473101635,187385670,172338875,322,214326223
BRA,2022-10-21,34780462,9142,687527,104,,473101789,187385670,172339029,154,214326223
BRA,2022-10-22,34780462,,687527,,,473101982,187385670,172339222,193,214326223
